epoch,train_loss,train_acc_exact,val_loss,val_acc_exact,val_acc_action,val_acc_object,val_acc_location,epoch_time_s
1,4.93674,0.0000,4.21325,0.0312,0.4531,0.5312,0.5312,3.17
2,4.19825,0.0312,3.96515,0.0312,0.4531,0.5312,0.5312,3.49
3,3.86524,0.0469,3.89556,0.0312,0.4531,0.5312,0.5312,3.18
4,3.87488,0.0312,3.79823,0.0312,0.4688,0.5312,0.5312,3.29
5,3.81825,0.0312,3.82300,0.0469,0.3125,0.5312,0.5312,3.31
6,3.74171,0.0312,3.61213,0.0156,0.4844,0.5781,0.5312,3.17
7,3.72591,0.0469,3.54373,0.0938,0.4844,0.5938,0.5469,3.19
8,3.60783,0.0781,3.45928,0.0938,0.4844,0.5938,0.5469,3.16
9,3.69076,0.0781,3.45572,0.1250,0.4531,0.5781,0.5938,3.27
10,3.45574,0.1250,3.36043,0.0625,0.5000,0.6094,0.5156,3.23
11,3.45908,0.1406,3.33281,0.0781,0.4531,0.6094,0.5312,3.27
12,3.67861,0.1094,3.33515,0.1562,0.5312,0.6094,0.5156,3.34
13,3.28811,0.1562,3.31288,0.2656,0.5781,0.6094,0.5938,3.23
14,3.21324,0.1562,3.21099,0.1562,0.5938,0.6094,0.5312,3.29
15,3.20337,0.1094,3.13254,0.2031,0.5625,0.6562,0.5938,3.41
16,3.20892,0.1250,3.11306,0.1875,0.5938,0.6719,0.5625,3.28
17,3.07559,0.1719,3.10899,0.2656,0.6094,0.6719,0.5469,3.26
18,3.01523,0.2031,3.02160,0.3594,0.6094,0.7031,0.5625,3.2
19,3.10804,0.2500,2.94515,0.3438,0.6250,0.7188,0.5781,3.06
20,2.89748,0.2656,2.97647,0.2969,0.5625,0.6875,0.5312,3.31
21,3.11061,0.2812,3.06302,0.2656,0.6094,0.6250,0.5938,3.34
22,2.91090,0.2812,2.85165,0.3281,0.6094,0.7344,0.5469,3.27
23,2.70656,0.2812,2.88759,0.3750,0.6094,0.7344,0.6094,3.19
24,2.78771,0.2656,2.74982,0.3281,0.6094,0.7188,0.5781,3.34
25,2.67698,0.3125,2.82011,0.3750,0.6250,0.6875,0.6094,3.37
26,2.68402,0.3906,2.68408,0.4688,0.6719,0.7656,0.6406,3.19
27,2.60853,0.2812,2.70020,0.3906,0.6250,0.7656,0.5469,3.23
28,2.37575,0.3594,2.61107,0.3750,0.6719,0.7500,0.5938,3.25
29,2.32947,0.3906,2.53062,0.4531,0.6719,0.7500,0.6719,3.53
30,2.35493,0.3594,2.43687,0.5156,0.6562,0.7812,0.6562,3.22
