speakerId,count
R3mXwwoaX9IoRVKe,497
7B4XmNppyrCK977p,493
9EWlVBQo9rtqRYdy,493
2ojo7YRL7Gck83Z3,492
7NqqnAOPVVSKnxyv,491
NgXwdx5KkZI5GRWa,491
V4ZbwLm9G5irobWn,491
zZezMeg5XvcbRdg3,490
k5bqyxx2lzIbrlg9,487
AY5e3mMgZkIyG3Ox,486
R3mexpM2YAtdPbL7,484
mj4BWeRbp7ildyB9d,484
Rq9EA8dEeZcEwada2,482
4BrX8aDqK2cLZRYl,481
eBQAWmMg4gsLYLLa,481
8e5qRjN7dGuovkRY,481
anvKyBjB5OiP5dYZ,481
kNnmb7MdArswxLYw,480
M4ybygBlWqImBn9oZ,477
xRQE5VD7rRHVdyvM,477
V4ejqNL4xbUKkYrV,477
WYmlNV2rDkSaALOE,475
5BEzPgPKe8taG9OB,475
n5XllaB4gZFwZXkBz,472
zaEBPeMY4NUbDnZy,472
DMApMRmGq5hjkyvX,470
xwpvGaaWl5c3G5N3,468
BvyakyrDmQfWEABb,466
mor8vDGkaOHzLLWBp,462
jgxq52DoPpsR9ZRx,461
RjDBre8jzzhdr4YL,460
kxgXN97ALmHbaezp,460
W4XOzzNEbrtZz4dW,456
ro5AaKwypZIqNEp2,455
qNY4Qwveojc8jlm4,452
gNYvkbx3gof2Y3V9,445
G3QxQd7qGRuXAZda,441
xwzgmmv5ZOiVaxXz,430
oOK5kxoW7dskMbaK,428
8B9N9jOOXGUordVG,426
d2waAp3pEjiWgrDEY,424
xEYa2wgAQof3wyEO,417
oXjpaOq4wVUezb3x,409
EExgNZ9dvgTE3928,406
Gym5dABePPHA8mZK9,389
AvR9dePW88IynbaE,388
d3erpmyk9yFlVyrZ,384
ObdQbr9wyDfbmW4E,377
NgQEvO2x7Vh3xy2xz,360
73bEEYMKLwtmVwV43,359
ppzZqYxGkESMdA5Az,357
oRrwPDNPlAieQr8Q,351
52XVOeXMXYuaElyw,347
NWAAAQQZDXC5b9Mk,326
7NEaXjeLX3sg3yDB,311
ZebMRl5Z7dhrPKRD,302
ppymZZDb2Bf4NQnE,295
2BqVo8kVB2Skwgyb,294
D4jGxZ7KamfVo4E2V,286
gvKeNY2D3Rs2jRdL,279
g2dnA9Wpvzi2WAmZ,276
Xygv5loxdZtrywr9,272
xPZw23VxroC3N34k,228
Z7BXPnplxGUjZdmBZ,222
DWmlpyg93YCXAXgE,221
neaPN7GbBEUex8rV,215
KLa5k73rZvSlv82X,209
zwKdl7Z2VRudGj2L,208
DWNjK4kYDACjeEg3,197
eLQ3mNg27GHLkDej,185
Q4vMvpXkXBsqryvZ,181
5o9BvRGEGvhaeBwA,169
Pz327QrLaGuxW8Do,166
KqDyvgWm4Wh8ZDM7,157
LR5vdbQgp3tlMBzB,148
YbmvamEWQ8faDPx2,137
W7LeKXje7QhZlLKe,101
aokxBz9LxXHzZzay,100
9mYN2zmq7aTw4Blo,99
9MX3AgZzVgCw4W4j,83
ywE435j4gVizvw3R,77
X4vEl3glp9urv4GN,64
oNOZxyvRe3Ikx3La,51
Ze7YenyZvxiB4MYZ,46
rwqzgZjbPaf5dmbL,46
ldrknAmwYPcWzp4N,39
roOVZm7kYzS5d4q3,35
OepoQ9jWQztn5ZqL,32
9Gmnwa5W9PIwaoKq,29
eL2w4ZBD7liA85wm,26
35v28XaVEns4WXOv,24
wa3mwLV3ldIqnGnV,21
nO2pPlZzv3IvOQoP2,19
vnljypgejkINbBAY,13
mzgVQ4Z5WvHqgNmY,9
5pa4DVyvN2fXpepb,5
4aGjX3AG5xcxeL7a,2
